{
  "rounds": 1000,
  "workers": 32,
  "errors": [],
  "latency_ms": {
    "min": 9.442000000490225,
    "avg": 21.20263850002084,
    "p95": 33.29219999977795,
    "max": 44.539099999383325
  }
}